<?xml version="1.0" encoding="UTF-8"?>
<data>
	<section1>
		<name>Expériences</name>
		<tag>Experience</tag>
		<col>col-lg-4</col>
		<site>
			<text>
			<![CDATA[
<p>Création d'un nouveau site internet marchand de vente de vins où la professionalisation fut une approche majeure du développement.</p>
<p>Après avoir développé un <b>framework MVC</b> "maison" en <b>PHP orienté objet</b>. L'objectif a été de créer un site internet (front et back) très rapide. La réalisation a été faîte grâce	à de nombreux outils tel que <b>jQuery</b>, <b>ExtJs</b> ou <b>Xslt</b>, la base de données <b>MsSQL</b>.</p>
<p>Pour obtenir une grande évolutivité et une forte évolutivité, la séparation du code Php de l'Html a été une grande priorité dans le développement pour une maîtrise de l'<b>intégration HTML</b>. De plus, un ensemble d'environnement "<b>versionné</b>" via <b>SVN</b> (développement, production, etc) a été mis en place.</p>
<p>Le déploiement des nouvelles versions sous <b>Linux</b> répondant aux attentes constantes des commerciaux se réalisa via des paquets <b>Debian</b> (grâce à l'outil <b>Phing</b>), intégrant, par la même, la configuration <b>Apache</b>.</p>
<p>Concernant la base de données, l'effort de modélisation a été porté à son paroxisme, suivant la méthode d'analyse <b>Merise</b>, permettant ainsi une évolutivité aisée et une justesse des données.</p>
			]]>
			</text>
			<tag>Chateaunet</tag>
			<url>www.chateaunet.com</url>
			<name>Chateaunet</name>
			<srcImg>img/chateaunet.png</srcImg>
			<srcImgSmall>img/chateaunet-small.png</srcImgSmall>
			<date>de fév. 2008 à nov. 2012</date>
			<modal>1</modal>
			<color>orange</color>
		</site>
		<site>
			<text>
			<![CDATA[
<p>Maintenance du site internet marchand de vente de primeurs existant.</p>
<p>L'appropriation d'un vieux site en <b>PHP/MS SQL</b> né en 2001 qui a connu de nombreuses modifications a été l'aspect prioritaire du projet. De nombreux changements de design ont été faits, avec l'obligation d'avoir une compatibilité d'affichage avec des vieux navigateurs (correspondant aux visiteurs du site).</p>
<p>Des optimisations de codes et la mise en <b>cache</b> des pages du site ont, aussi, été portés sur le site pour augmenter ces performances.</p>
			]]>
			</text>
			<tag>Chateauprimeur</tag>
			<url>www.chateauprimeur.com</url>
			<name>Chateauprimeur</name>
			<srcImg>img/chateauprimeur.png</srcImg>
			<srcImgSmall>img/chateauprimeur-small.png</srcImgSmall>
			<date>de fév. 2008 à nov. 2012</date>
			<modal>1</modal>
			<color>green</color>
		</site>
		<site>
			<text>
			<![CDATA[
<p>Création d'un nouveau site internet marchand de vente de spiriteux.</p>
<p>La <b>rapidité</b> de la mise en oeuvre fut l'objectif principal. Sur une base d'un autre site marchand, j'ai effectué des modifications d'intégration et de conception pour convenir aux fonctionnalités exigées du cahier des charges.</p>			]]>
			</text>
			<tag>Chateauspirit</tag>
			<url>www.chateauspirit.com</url>
			<name>Chateauspirit</name>
			<srcImg>img/chateauspirit.png</srcImg>
			<srcImgSmall>img/chateauspirit-small.png</srcImgSmall>
			<date>de fév. 2008 à nov. 2012</date>
			<modal>1</modal>
			<color>blue</color>
		</site>
	</section1>
	<section1>
		<name>Freelance</name>
		<tag>Freelance</tag>
		<col>col-lg-6</col>
		<clearfix>2</clearfix>
		<site>
			<text>
			<![CDATA[
<p>
Création d'un site vitrine, réalisé en HTML 5. La réalisation s'est effectuée avec le framework CSS BootStrap et la librairie jQuery.
</p>
			]]>
			</text>
			<tag>Albatros</tag>
			<url>www.albatros-club-de-plage.com</url>
			<name>Albatros Club de Plage</name>
			<srcImg>img/albatros.png</srcImg>
			<srcImgSmall>img/albatros-small.png</srcImgSmall>
			<date>2013</date>
			<modal>1</modal>
			<color>orange</color>
		</site>
		<site>
			<text>
			<![CDATA[
<p>Création d'un site de photos en <b>Php/MySql</b>. Réalisation du front et du back avec l'utilisation d'un framework MVC et de <b>jQuery</b> comme framework Javascript</p>
			]]>
			</text>
			<tag>Lucboegly</tag>
			<url>www.lucboegly.com</url>
			<name>Luc Boegly</name>
			<srcImg>img/lucboegly.png</srcImg>
			<srcImgSmall>img/lucboegly-small.png</srcImgSmall>
			<date>2009</date>
			<modal>1</modal>
			<color>green</color>
		</site>
		<site>
			<text>
			<![CDATA[
<p>Gestion du contenu sous <b>Joomla</b></p>
			]]>
			</text>
			<tag>Echelle33</tag>
			<url>www.echelle-33.com</url>
			<name>Echelle 33</name>
			<srcImg>img/echelle33.png</srcImg>
			<srcImgSmall>img/echelle33-small.png</srcImgSmall>
			<date>2007</date>
			<modal>1</modal>
			<color>blue</color>
		</site>
		<site>
			<text>
			<![CDATA[
<p>Création d'un site agenda correspondant au magazine papier avec une importante contrainte de temps. Réalisation du front et du back en <b>Php/MySql</b>, utilisation du moteur de template <b>Smarty</b>.</p>
			]]>
			</text>
			<tag>Clubsetconcerts</tag>
			<url>www.clubsetconcerts.com</url>
			<date>2006</date>
			<modal>0</modal>
			<color>orange</color>
		</site>
	</section1>
	<section2>
		<name>Compétences</name>
		<tag>Competence</tag>
		<col>col-lg-6</col>
		<clearfix>2</clearfix>
		<comp>
			<name>Développement</name>
			<tag>Developpement</tag>
			<text>
			<![CDATA[
<ul class="list-unstyled">
	<li class="pull-left"><span class="label label-default">Symfony</span></li>
	<li class="pull-left"><span class="label label-danger">Doctrine</span></li>
	<li class="pull-left"><span class="label label-primary">Database Design</span></li>
	<li class="pull-left"><span class="label label-success">Framework Design</span></li>
	<li class="pull-left"><span class="label label-info">PHP Frameworks</span></li>
	<li class="pull-left"><span class="label label-warning">Scrum</span></li>
	<li class="pull-left"><span class="label label-danger">Social Media</span></li>
	<li class="pull-left"><span class="label label-default">SEO</span></li>
	<li class="pull-left"><span class="label label-success">XSLT</span></li>
	<li class="pull-left"><span class="label label-primary">Ext JS</span></li>
	<li class="pull-left"><span class="label label-info">jQuery</span></li>
	<li class="pull-left"><span class="label label-warning">jQuery UI</span></li>
	<li class="pull-left"><span class="label label-default">XSL</span></li>
	<li class="pull-left"><span class="label label-danger">PHP</span></li>
	<li class="pull-left"><span class="label label-default">Microsoft SQL Server</span></li>
	<li class="pull-left"><span class="label label-warning">JavaScript</span></li>
	<li class="pull-left"><span class="label label-success">Linux</span></li>
	<li class="pull-left"><span class="label label-info">HTML 5</span></li>
	<li class="pull-left"><span class="label label-default">XHTML</span></li>
	<li class="pull-left"><span class="label label-success">Web 2.0</span></li>
	<li class="pull-left"><span class="label label-danger">CSS3</span></li>
	<li class="pull-left"><span class="label label-default">Apache</span></li>
	<li class="pull-left"><span class="label label-success">W3C</span></li>
	<li class="pull-left"><span class="label label-primary">AJAX</span></li>
	<li class="pull-left"><span class="label label-default">CSS</span></li>
	<li class="pull-left"><span class="label label-success">Eclipse</span></li>
	<li class="pull-left"><span class="label label-default">Subversion</span></li>
	<li class="pull-left"><span class="label label-warning">WordPress</span></li>
	<li class="pull-left"><span class="label label-success">MySQL</span></li>
	<li class="pull-left"><span class="label label-info">SQL</span></li>
	<li class="pull-left"><span class="label label-primary">E-commerce</span></li>
	<li class="pull-left"><span class="label label-warning">Open Source</span></li>
</ul>
    		]]>			
			</text>
		</comp>
		<comp>
			<name>Gestion</name>
			<tag>Gestion</tag>
			<text>
			<![CDATA[
<ul class="list-unstyled">
	<li><p>Utilisation d'outils <b>Agile</b> (Scrum)</p></li>
	<li><p>Rédaction de cahiers des charges pour application mobile</p></li>
	<li><p>Rédaction de cahiers des charges pour synchronisation de données avec des outils externes (ERP, ...)</p></li>
	<li><p>Rédaction de cahiers des charges pour des réalisations de maquettes graphiques</p></li>
</ul>
			]]>
			</text>
			<color>green</color>
		</comp>
		<comp>
			<name>SEO</name>
			<tag>Seo</tag>
			<text>
			<![CDATA[
<ul class="list-unstyled">
	<li><p>Mise en place d'outils de <b>CMS</b> pour un référencement naturel</p></li>
	<li><p>Gestion d'outils d'analyse de mots et de fréquentations</p></li>
</ul>
			]]>
			</text>
			<color>orange</color>
		</comp>
		<comp>
			<name>Graphisme</name>
			<tag>Graphisme</tag>
			<text>
			<![CDATA[
<ul class="list-unstyled">
	<li><p>Connaissance basique de Photoshop</p></li>
	<li><p>Connaissance basique de Fireworks</p></li>
</ul>
			]]>
			</text>
			<color>blue</color>
		</comp>
	</section2>
</data>
